{
  "roc_auc": 0.9446423546908914,
  "pr_auc": 0.11053188162196756,
  "threshold": 2.1553168296813965,
  "confusion_matrix": [
    [
      56770,
      94
    ],
    [
      78,
      20
    ]
  ],
  "report": {
    "0": {
      "precision": 0.9986279200675485,
      "recall": 0.998346933033202,
      "f1-score": 0.9984874067820458,
      "support": 56864.0
    },
    "1": {
      "precision": 0.17543859649122806,
      "recall": 0.20408163265306123,
      "f1-score": 0.18867924528301888,
      "support": 98.0
    },
    "accuracy": 0.9969804431024192,
    "macro avg": {
      "precision": 0.5870332582793882,
      "recall": 0.6012142828431316,
      "f1-score": 0.5935833260325324,
      "support": 56962.0
    },
    "weighted avg": {
      "precision": 0.9972116679396302,
      "recall": 0.9969804431024192,
      "f1-score": 0.9970941762103155,
      "support": 56962.0
    }
  }
}